{
  "total_time": 63.65,
  "success_count": 42,
  "query_times": [
    0.23763513565063477,
    0.23395204544067383,
    0.31218695640563965,
    0.37671709060668945,
    0.4728071689605713,
    0.5854980945587158,
    0.298922061920166,
    0.20787692070007324,
    0.5964090824127197,
    0.8528568744659424,
    0.4269449710845947,
    0.442410945892334,
    0.6337780952453613,
    1.0118918418884277,
    0.7354297637939453,
    0.5396490097045898,
    1.1698329448699951,
    1.0000970363616943,
    null,
    0.3335270881652832,
    2.4092838764190674,
    2.7792391777038574,
    4.951769828796387,
    3.3564858436584473,
    1.4233589172363281,
    0.9684402942657471,
    1.133923053741455,
    2.7798988819122314,
    14.589336156845093,
    1.1817328929901123,
    1.257190227508545,
    1.904386043548584,
    4.071751117706299,
    3.871293067932129,
    3.6592531204223633,
    0.9954659938812256,
    0.2850320339202881,
    0.14258527755737305,
    0.4119269847869873,
    0.4554738998413086,
    0.13678383827209473,
    0.22870683670043945,
    0.19173693656921387
  ]
}